{
  "random_base": 42,
  "full_scale": false,
  "n_rounds": 28,
  "ciciot": {
    "alpha_sweep": [
      {
        "alpha": 0.3,
        "accuracy_mean": 0.7348000000000001,
        "accuracy_std": 0.026160275227909962,
        "f1_mean": 0.738212346238379,
        "f1_std": 0.02261016161101031
      },
      {
        "alpha": 0.5,
        "accuracy_mean": 0.7512,
        "accuracy_std": 0.04056796765922591,
        "f1_mean": 0.7552972369111199,
        "f1_std": 0.031472180762174166
      },
      {
        "alpha": 1.0,
        "accuracy_mean": 0.7582,
        "accuracy_std": 0.04258591316386206,
        "f1_mean": 0.7573531838808363,
        "f1_std": 0.048714716975615996
      },
      {
        "alpha": 2.0,
        "accuracy_mean": 0.7569000000000001,
        "accuracy_std": 0.028878019322661302,
        "f1_mean": 0.7619675636585008,
        "f1_std": 0.025205663002996984
      }
    ],
    "iid_fed": {
      "accuracy_mean": 0.7523,
      "accuracy_std": 0.039363180765786696,
      "f1_mean": 0.7426477196668856,
      "f1_std": 0.05253530469234757
    },
    "central_histgb_ceiling": {
      "accuracy_mean": 0.9280000000000002,
      "accuracy_std": 0.007516648189186467,
      "f1_mean": 0.9280796919155136,
      "f1_std": 0.007697920920514365
    },
    "mitigation": {
      "fedavg_acc": [
        0.7411000000000001,
        0.036931558320764106
      ],
      "fedavg_f1": [
        0.741449355808528,
        0.0384655426536948
      ],
      "fedprox_acc": [
        0.7481,
        0.04065882438044659
      ],
      "fedprox_f1": [
        0.7475780515873157,
        0.04281426212135011
      ],
      "cluster_worst_zone_f1": [
        0.7267607452595536,
        0.037748571561686824
      ],
      "global_fedavg_worst_zone_f1": [
        0.6895533447474377,
        0.05145924493103161
      ],
      "global_fedprox_worst_zone_f1": [
        0.6866500563398301,
        0.04632588693446611
      ]
    }
  },
  "cicids": {
    "byzantine": {
      "fedavg": {
        "0.0": [
          0.8768750000000001,
          0.0362090285702337
        ],
        "0.1": [
          0.8717500000000001,
          0.016688319268278625
        ],
        "0.2": [
          0.8478749999999999,
          0.03233274269219981
        ]
      },
      "median": {
        "0.0": [
          0.874,
          0.0378454918054978
        ],
        "0.1": [
          0.892375,
          0.018274811900536772
        ],
        "0.2": [
          0.877125,
          0.032318241752917184
        ]
      },
      "krum": {
        "0.0": [
          0.8240000000000001,
          0.049526823540380606
        ],
        "0.1": [
          0.882875,
          0.017123631332167818
        ],
        "0.2": [
          0.8474999999999999,
          0.045967039822028974
        ]
      }
    },
    "dafedavg_vs_sizefed": [
      {
        "da_lambda": 0.0,
        "accuracy_mean": 0.8801249999999999,
        "accuracy_std": 0.0109358927390497,
        "f1_mean": 0.8802832575028232,
        "f1_std": 0.011862659275798307
      },
      {
        "da_lambda": 0.15,
        "accuracy_mean": 0.882625,
        "accuracy_std": 0.0405593700641418,
        "f1_mean": 0.8810390743489561,
        "f1_std": 0.0406934168478682
      }
    ]
  },
  "baselines": {
    "mlp": {
      "acc": 0.974375,
      "f1": 0.9746444032158318,
      "auc": 0.98940625
    },
    "transformer_or_mlp2": {
      "acc": 0.975,
      "f1": 0.9751861042183623,
      "auc": 0.9889609375,
      "torch": false
    },
    "ensemble_mean_prob": {
      "acc": 0.974375,
      "f1": 0.9746444032158318,
      "auc": 0.9899953125000001
    },
    "fed_iid_mean": {
      "acc": 0.866875,
      "acc_std": 0.01931644377208187,
      "f1": 0.8696105471459619,
      "f1_std": 0.019232884977280307,
      "auc": 0.9428821307772551,
      "auc_std": 0.010986532329901221
    }
  }
}